# Синтетический табель для тестирования. Работодатель: ОсОО «Ала-Тоо Монтаж», г. Бишкек
# Работник: А. Осмонов, монтажник наружных сетей, бригада № 3
# Оклад: 32 000 сомов в месяц
# Неделя: понедельник 07.09.2026 — воскресенье 13.09.2026
# Выгружено из: журнал прораба, лист «сентябрь», 14.09.2026
дата,день,приход,уход,перерыв_начало,перерыв_конец,примечание
2026-09-07,Пн,08:00,17:00,12:00,12:30,
2026-09-08,Вт,08:00,17:00,12:00,12:30,
2026-09-09,Ср,08:00,17:00,12:00,12:30,"объект на Ибраимова"
2026-09-10,Чт,08:00,17:00,12:00,12:30,
2026-09-11,Пт,08:00,17:00,12:00,12:30,
2026-09-12,Сб,08:00,10:30,,,"вызвали на опрессовку, распоряжение прораба"
2026-09-13,Вс,,,,,"не работал"
